id,imdb_id
413998,4411596
60577,0101518
258947,2824852
13579,1091751
250766,2382298
360389,0493076
46837,1523483
11708,0062803
176077,2229377
381040,4550420
29966,0040175
29381,0042296
13559,0113762
18886,0099587
30949,0120782
18352,0063633
257447,2361184
24593,0438492
13794,0109049
20193,0395216
44475,0036591
112630,0062773
70695,1107319
26584,1252610
39918,0083156
267392,0298128
28325,0075987
28365,0032049
14571,0100339
258210,3417334
73565,1570559
669,0013427
3786,0077278
10535,0117723
434598,3844638
42471,0070289
373929,2167961
19754,0106267
36225,0367151
39382,0084157
17166,1103984
59557,0813789
46978,0074883
179340,1860238
27862,0057694
45130,0259340
26264,0322389
20575,0158874
51969,1529292
39231,0058324
53354,1285240
87822,1996346
33427,1587414
9898,0756672
10732,0109798
13996,0914797
31945,0093966
16191,0104418
5708,0421082
10094,0482374
40661,0110256
2002,0437526
18585,0806165
67359,0097252
63579,1814836
15155,0291928
35021,0380726
19507,0082801
174311,1462901
135915,2399537
389702,5154466
450647,
10401,0144201
222216,2118775
14258,0353014
67357,0166484
5896,0086987
43319,0048340
309299,3726704
33932,0263265
446048,6664120
284250,3463014
82563,1776309
32636,0111590
257093,1385543
392807,4771932
25016,0030637
250070,
20047,1289437
304023,2859246
11446,0114906
316854,3519272
148265,2258337
56381,0107040
384687,2581480
17,0411267
428658,5996836
61294,1046171
330081,3646946
330081,3646946
64325,1046245
190880,2315200
187727,0084014
126285,2120051
11479,0111543
14681,0372884
16365,0158409
451789,
450121,6655174
39111,1292575
238407,3277552
51261,1059887
36288,0105001
67,0445620
69270,1152827
16014,0484368
148980,0077215
309853,4003066
5648,0052920
27397,0094921
8286,0064323
288987,0073597
51455,1590796
42722,0060891
32302,0118539
81189,0076312
28387,0113537
265,0082661
256,1180329
390979,4617128
34145,0052698
5082,0080555
22739,0064135
287278,0070892
19142,0098193
107257,1823059
6320,0089821
30969,1190722
23022,0041523
122843,2035670
14244,1213574
31651,0099566
444526,5348190
208284,2733258
11338,0089346
433316,4731132
29602,1230194
33407,1245775
430292,
72993,1815782
275060,3720788
14284,0925248
393420,4845154
335710,0107100
77812,1572194
15850,0250067
21427,0449851
14761,0380268
18404,0398839
197583,1777595
25009,0046085
20858,0090568
35919,0047960
403480,5119048
203474,0069973
421742,6167014
103117,0084495
177945,2331143
66402,0155265
13993,0811128
28894,0045070
254672,3259968
31003,0120805
362584,5084196
400608,5192124
19196,0059139
1713,0102175
45126,0443844
24328,1330219
337747,3598496
44435,0104053
33583,0065622
24918,0066495
20756,0171725
25199,0098453
314029,4899406
141498,0327018
393857,4647784
314490,3592176
229801,2814388
179923,
316444,3700454
26114,0905345
35025,1437361
127236,2456536
27073,0105851
423878,5017220
212927,1718807
22854,1454110
198581,0046804
86608,0047603
68110,0262107
199549,2081435
32666,0844768
375801,5226378
31798,0026942
18033,0860467
172469,2388759
68252,1900891
437306,3201654
266313,3353690
14142,1015976
17657,0063121
27765,0756725
67198,1421048
22575,0032536
282505,3797490
48482,0088256
64215,2063782
93685,0284534
32428,0029161
14156,1086841
11304,0312318
25492,2662560
26857,0053363
30500,0117924
84942,1715223
23189,0042006
21531,0269743
38455,0028707
16010,0466500
451734,0295058
14328,0070509
36372,0091164
43091,0122888
14050,1000771
13618,0287138
65142,0089957
70386,1712578
29130,0070013
13907,0138563
19782,0471251
70516,1783311
229296,3165608
68878,1733578
57489,1404653
11513,0094888
1935,0410639
253343,2927212
174343,2421416
7736,0064536
17409,0042531
432885,5886114
28339,0103111
28303,0065542
107420,0096114
381277,4898530
17285,0913401
2447,0762121
48833,0775543
258251,2404583
323929,4266638
309013,2622672
62734,0098052
31701,0092783
37433,0185481
336149,4065340
28793,1104814
59803,0217590
172721,2139851
46992,0150915
413767,4823592
65994,0047365
21539,0117372
43828,0031225
11302,0066808
68450,1646967
48630,0182905
37999,0903021
18555,0116353
68507,0282628
13285,0775425
105832,0285553
13574,0756729
297942,0347939
40348,0072930
37086,0050487
8349,0365675
437042,5846744
36496,1229764
74004,0107823
540,0367631
104044,0098216
1264,0811159
18377,0940642
347751,4392454
20435,0106689
267931,2320388
107170,2386231
43620,1401625
35631,0396096
340176,4439120
85051,0023227
13807,0796212
53034,0123150
14654,0769508
230407,2273024
38030,0415080
39917,0087132
44638,1274300
38090,0072825
209385,2113820
2089,0211792
28758,0054642
92635,2149137
14687,0901481
61730,1372306
154282,2364949
208704,2056690
273693,3140024
41245,0247613
25038,1261041
121604,2113809
39828,0116456
24272,0175790
34093,0089902
28039,0069518
72015,0221169
78224,1864461
45830,1070886
263475,3801314
198198,0434276
14667,0101748
44125,1440741
29077,0088851
198436,2436046
105325,1114718
16664,0297721
46722,0065804
26866,0055832
36622,0468461
43807,0032194
4722,0106452
5991,0015064
244088,2465578
13764,0089961
43349,0045935
360603,5133572
59851,0303021
89940,0100926
4106,0196381
36236,0061037
362227,3315380
50030,0042906
80215,1942884
12130,0855824
55861,1621446
20028,0038462
63988,0116341
22994,0036824
7510,0439289
142023,0778611
44219,0970926
179641,0109421
373558,5297750
103305,
19636,0453671
88096,2069885
19349,0278793
59408,0066122
9490,0120693
35838,0066491
29742,0271271
33295,1286821
35978,0780593
398480,0871892
15810,0452692
46918,0053390
43680,0096126
42296,1584016
29445,0092972
43323,0049674
372979,5068712
31214,0077373
11091,0200027
40430,0064519
227094,2093270
26854,0052530
15008,0472268
40254,0241073
255156,3283718
413421,5502766
49872,0293832
312398,0468649
42892,1455810
443102,6060002
292217,0328034
399912,5568250
46127,1411249
40361,0125103
37308,0063970
408543,5078134
20013,0347591
203780,2996932
42741,0067900
20053,0277744
35124,0051983
267767,2783862
86391,1674057
19016,0398872
160085,1978524
281743,4814354
42180,0466551
41434,1034305
22124,0076168
29030,0059821
39043,0065580
27117,0035318
28809,0219161
38279,0038782
222461,2229511
9084,0293849
4375,0061647
29695,1007032
287855,2241750
361854,1726252
39776,0090952
321507,3983022
309302,2909116
34308,0367188
250660,3263520
24909,0108633
15338,0844029
39176,0080402
18780,0054310
42569,0066563
47557,1706414
11314,0085809
87336,0245892
30566,0068284
10118,0433412
86184,1613031
11380,0166110
251266,2301147
45706,0061101
20367,0037638
13429,0988849
117700,2082289
39940,0048491
43090,1376195
96648,1027820
32105,0057919
21461,0456144
19422,1117666
39973,0077945
78428,0102296
25474,1202514
46360,0099720
72984,0093144
45387,0802821
34812,0449040
30843,1205551
235093,2815030
68895,0102217
271981,1686312
9776,0325537
7348,0058530
15394,0285861
14923,0258100
31563,0092798
290717,0105535
29885,0041158
31,
105572,0096309
110677,1869324
47263,0061610
109453,2395339
110112,1815852
173561,0151281
38604,1156479
241639,2976864
72213,1630036
17696,0058529
19562,0070354
2200,0071688
85694,0105137
247182,2093990
278768,3479624
43008,0052876
39704,0077788
7456,0480083
69451,0263982
136241,1147525
238466,3345310
34704,0253110
121873,1674773
15992,0267248
19199,0059958
19345,0090738
286940,3246908
393659,5692030
286656,0378143
362874,
65889,0120034
47369,0473445
34158,1156524
56500,0062900
449777,6180274
41091,0381838
323636,0083069
48300,0064265
47095,0107148
378111,3823116
70638,0076672
434773,6412864
74658,1618450
246569,2934844
268895,1083849
26437,0429173
48123,0221885
392681,5227140
24109,0076059
283727,3592708
28124,0081480
1566,0052654
1437,0388679
7988,0080934
32480,0082714
14615,0027652
3074,0034786
779,0023649
38198,0095386
27437,0039169
220153,2836376
34468,0429739
15806,0429115
431392,5156910
40377,0102724
39788,0425622
1926,0328802
264204,0113593
282670,1648964
36273,0246498
195515,0269224
109991,0051082
11179,0385891
232138,2246520
174271,0116345
298459,3324494
5040,0060401
264968,0070315
239562,2465140
52296,1727519
75136,0114417
274961,0033973
71845,0110284
19554,0787462
82080,0093864
184799,0080975
105288,0382854
332944,1181790
25499,0085743
415396,4597598
62127,0113026
45501,0969706
15856,0051744
17418,1388912
15830,0245027
26506,0870195
16018,0419434
227425,3111728
27360,0388183
22358,0851577
12660,0245046
15587,1328642
43797,0034241
104634,1840911
50420,1572769
14913,0900357
14621,0097722
24810,0840787
27135,1135095
513,0116308
18928,0062825
35912,0212075
23283,0032881
15654,0816545
9632,0062022
32152,0826024
47644,1018789
18420,0118859
129119,2249712
18183,0103994
29396,0058620
30870,0099637
42000,0425661
352205,3043252
40168,0096046
364324,4819498
158091,1845838
328697,0494956
243107,
39874,0082782
37329,0042229
3686,0058751
337208,3252786
391484,3263096
73846,1175713
61594,0068657
34081,0284929
32582,1434423
377878,3723780
81203,0183614
19080,0141988
13679,0455142
137144,2461736
433450,6342418
53945,0167554
43759,0040185
347186,
23908,0102443
85763,0057813
40082,0104802
258006,0116590
37665,0960097
18925,0805526
18556,0973790
132,0065780
399847,
241927,3305844
123235,1885331
9967,0086508
422010,5116248
52589,0475760
94967,1505355
384845,5503594
61689,0080016
57419,1634013
77665,1051213
24417,0841993
10844,0839938
43255,0048933
15286,1380152
84250,2210441
22080,0395512
35297,0839773
193006,1555069
8076,0162023
13341,0408524
49255,0887304
80706,1807867
398881,0304694
367177,4893452
298721,2818654
394612,5671310
345748,
21800,0489318
362763,1491609
73376,0103838
271891,0279168
28216,0192335
64538,0071507
67297,0158030
21525,0343121
14053,1245734
8281,0827713
449997,
289795,0078460
26319,0033874
191820,2401715
43485,0038776
63375,0459748
300687,1230168
9756,0412798
24066,0162360
347158,4180582
49037,0422370
54471,0116676
381002,5237980
178172,2606110
132744,0227194
41821,0099902
300665,2620590
43715,0050294
26316,0064699
87955,1918921
29996,0053290
34389,0492466
16345,1230448
14582,1092082
401133,5768474
193726,2926810
23150,1155650
29812,0120847
8832,1023490
326241,4157510
257475,3413018
13816,0417225
33843,0049035
403310,5492906
58412,0100967
83791,0465417
54752,0087263
297695,3762766
345664,3812348
26185,0071824
44190,0040872
150793,2353955
35189,0054853
30630,0028739
232078,3083006
33034,0034936
256740,2761578
61496,0097639
5747,0061504
79190,1734203
224815,2881698
446893,6587640
1556,0064068
58055,1142804
28575,0048191
29111,0067950
18250,0068503
32272,1438522
253675,3711030
26167,0040723
390409,5471480
76275,0397229
31010,0250798
41805,0103184
39346,0118824
33282,1504362
253014,0116193
23452,1422651
107650,1718536
79443,2062677
149427,2034761
68352,0095330
210639,1880279
61843,0299502
88557,1739212
400547,4007248
435117,6432062
21156,0407236
204755,2403867
155024,0066869
83090,0323869
58764,1454505
444510,6415248
291189,3687304
140161,0086823
35705,0090944
27349,0068661
430,0055256
196469,0118621
256653,0054769
46063,0116827
378674,5355872
42739,0141974
80125,1802810
216580,2378453
1444,0418773
137127,1462756
3574,0022827
40572,1437833
19939,1267160
59719,1259781
15244,0049902
11331,0052027
28938,1255955
27411,0069208
50687,0104808
411976,4513316
12608,0365763
2260,0342172
8056,0170705
267668,3421116
33564,0063663
289314,3012698
36610,0385842
80797,1206585
31512,0768120
51539,0057311
36133,0082111
17245,0473514
160642,2271315
25320,0280754
359749,4372240
19851,0758751
248934,2790236
119599,0068818
11945,0067047
15007,0023285
33871,1249300
344268,4466864
12635,0106339
264419,4643580
137347,2017486
68430,0102631
401609,3799092
309929,3952300
1377,0051745
18645,0056585
127372,2103264
369770,4084056
25767,0053877
263091,0104059
160720,1198059
26337,0109417
34730,0118381
66945,1519663
407890,5340300
25053,1371630
342163,4400028
428142,6213810
252384,3586076
356604,0442443
254905,2893490
48336,0113718
349092,0436430
432932,5481138
23160,0249241
19844,0893346
105441,0050303
299774,2477930
248842,2364006
173205,2444946
81561,0089831
33615,0770748
367807,2461030
220240,0192472
15866,1176725
251987,2265050
238470,
12766,0047647
5425,0078916
177851,1819601
352498,4262174
59593,0070326
31638,0078856
319076,4145178
13403,0248845
34379,0093638
191185,2402186
17699,0270291
2262,0084654
15247,0059319
47895,
73818,1650535
43670,0339727
98205,1820488
5422,0079642
58462,0388213
444451,
399035,1590193
348630,4658324
58409,0096236
56655,0408017
367462,5189894
251852,2396721
371449,4158876
1863,0065782
277066,0131533
17834,0120133
203539,2446786
442076,6053996
6436,0117729
33251,0312841
285205,3334972
19122,0324937
14070,1166100
18741,0085864
252455,2119404
86235,1031276
70475,0058773
279117,0076628
36423,0380773
33998,0056636
5064,0061450
26261,0109480
87380,1796406
3055,0062430
77197,0118499
325039,2947556
18477,0089274
49838,0412422
27444,0236019
77603,1543652
186161,2261749
43369,0045056
308181,1603900
333339,1677720
337730,4168502
245169,2597718
27031,0061847
21151,0095684
115527,0061793
217334,
46584,1295072
62162,
9260,0271259
42348,0462403
449700,6055082
317930,3367294
381518,4799064
296989,
52229,0029080
19829,0972857
43040,0054292
359767,4548942
212721,1815717
45713,0064975
15227,0080772
18762,0112537
35284,0062673
51995,1251743
18298,0286009
17704,0113676
347033,3958780
97262,0096931
22501,0084315
114168,1857824
22423,0101984
17894,0118691
48197,0075342
5822,0067810
36952,1018887
25430,0041113
31978,0156460
403540,4940456
46175,0067690
44548,1152403
312797,2194826
422960,6279726
436334,6247936
105823,1961180
61777,0092851
10841,0078320
20875,0059550
19254,0056912
330628,2484224
153076,0089111
450273,
69570,0081706
52660,0101550
45453,0108609
18877,0834902
24362,0368575
167449,1847713
43566,0115645
42668,0048937
12502,0086312
48124,0144041
293262,4008652
367709,5137556
303187,3693444
73911,1288635
306650,3622120
192904,1147516
316183,2375763
18955,1262877
44374,1407081
49718,0091555
16766,0473064
84185,1579361
22874,0051773
58858,1779824
337663,3564200
12763,0446046
84488,0065588
147294,2255398
20502,0404552
323430,4409852
237277,3263598
301337,1389072
10608,0103850
31347,0301083
29371,0113416
12577,0282552
426284,5084170
4627,0772181
10416,0181151
88558,0049871
24452,0054033
76201,1710627
82424,2033372
399174,5104604
93465,0113475
236214,0031805
448337,5576318
25642,1327701
73819,1527823
74831,0070547
37533,0097995
48625,1548563
216539,2600742
27745,0236216
343658,2916772
263035,0100209
28692,0088333
18426,0468704
114606,1362058
394684,4944596
73770,1661461
161825,0471094
35979,0790816
204882,1719068
77874,1687277
79151,2062580
291984,4042818
74147,1764666
75134,0111158
374957,4703424
395993,3881784
146229,2027136
10542,0116791
42671,0319495
15171,0070016
291851,2477218
311054,4125300
27703,0075614
67420,0067385
214087,2454430
38225,0120512
48015,1411232
19323,0800226
68822,0043386
20723,0059793
11502,0056291
51994,1700844
87061,2134092
18302,0317234
27655,0035415
9459,0066580
267,0118819
74944,1861375
346238,4554036
228558,3013528
347171,1399173
369057,4648986
167395,1528073
55177,0374277
444191,6518634
64996,0079591
74695,0314105
16248,0088979
66039,1233505
17604,0059710
366696,3686998
13912,0023027
332503,4550444
10427,0105226
16235,0083550
26291,0102898
77915,0059674
250798,2304915
12714,0096094
214146,0386095
287415,3259178
36657,0120903
381418,5255710
86759,1840388
45611,1412353
276935,3175038
209232,2969050
449918,
48995,0104082
63891,0044881
10407,0104452
15711,0451102
37722,0127349
60592,1699491
11593,0110684
19738,0243558
364664,5097504
33695,0119055
32640,0171865
36550,1079968
185267,1427298
3542,0459880
229749,2362991
408024,5072406
434552,
350846,4516324
289333,3958494
416234,1072748
86777,0050252
108093,0099555
59905,
21394,0090610
402976,4687276
46027,0119783
64883,0223268
300778,3918546
60542,0040082
371758,3581932
44403,0096925
13393,0476735
260030,3171764
142106,1826813
43139,0051739
366170,4273562
52076,1567312
21925,0145937
19742,0049782
27962,1578124
427342,5207204
274415,1679276
23512,0926380
43514,0036422
5719,0059477
394047,4063178
44289,0323465
40630,0057940
216546,2634414
12718,0283043
397003,3187378
413730,4650414
439613,6244876
303191,
26015,0069992
377492,5521550
12229,0122515
206421,0186415
381719,5117670
14267,0072979
31880,0807028
104251,0071406
17681,0196931
61952,0372782
44935,0756222
326057,3030354
91549,1407065
440767,6562866
30982,0006177
26965,1394315
61642,0076715
16276,0462667
423453,4466894
20034,1093369
52131,0782042
58451,0068243
27350,0102422
41995,1401690
133369,2330322
169644,2140429
161070,0115591
41482,0143428
34528,0053115
15616,1034320
25296,0105652
15483,0330691
131170,
47475,0117102
18758,0076227
44607,0069251
47959,0274407
53870,0364146
64230,0481459
45022,1143896
118248,2090578
13005,0081748
80860,0846080
38674,0383678
15858,0491764
16270,0101545
20540,0059575
32600,0016332
1670,0061795
53658,0101783
18209,0061391
43339,0047281
43230,0050610
24454,0090288
405924,5946852
83407,0054368
60449,0089443
231292,2902646
16618,0044685
262340,3433074
196783,0096447
13490,0494652
18280,0270444
325844,3713944
45952,0239102
40494,0049875
81024,0082524
43799,0034274
404133,3386928
71864,1462769
25797,0279231
501,0427312
288463,2992524
315439,4010918
39780,0119843
9010,0386038
29862,0083238
121754,0342777
20081,1259199
66150,1687247
273197,3720058
73462,0088758
15418,0470761
13064,0106233
365961,4141024
57047,0254334
361370,0378360
359628,4641264
243914,
42280,1047544
50078,0023074
13402,0498311
258235,
296711,6082388
56379,0075815
241875,2912974
305642,3501590
25413,0037330
351414,4715652
52125,0470685
196830,2268573
3126,0207957
16700,0487195
311615,4184878
365805,4227282
417321,6176078
53928,0391728
283105,3745840
40537,1043844
408167,2330973
434364,5834862
11972,0043918
55614,1699163
52194,1422811
69903,0076111
338942,4686604
172520,2198956
2006,0051406
381950,5463310
35703,0297169
62976,1667150
218275,1445208
380620,4900708
63020,0114113
43678,0005074
22033,0065597
61280,0076843
169195,1569403
298729,3825738
325712,2974050
11174,0093713
47439,0189142
51971,1504429
419472,5539052
22774,1176244
46736,0079147
34045,0230591
62564,1650407
13826,0810924
223988,2408134
25576,0266732
59566,0029660
53404,1459012
300490,4114744
309924,3717016
3063,0023969
257912,2363181
195,0023622
39359,0892392
54648,0114108
24341,0092906
40789,0104570
426862,5526456
3699,0067696
35017,0050213
19299,1454577
443879,
15867,0077742
170749,0068268
29014,0098155
43267,0101252
324558,4461838
215059,3106800
31097,0425357
336292,4253744
72033,0889208
11334,0111049
40033,0039796
404961,5725894
228088,0420574
32649,0432044
50618,1343703
24124,0082118
17959,1363140
108029,0186948
74336,0188503
395458,0491175
18935,0092974
1925,0389738
24585,0089167
89591,0284851
310567,2614722
35233,0111094
300450,2983414
57500,1606636
150253,2313398
102871,1753865
9814,0418627
375946,4117206
48374,0114137
14441,0094884
25400,0091584
141095,2087820
25842,0029992
390518,5419742
3476,0073155
90761,0210112
24006,0044981
40700,1401656
13841,0091817
3764,0056049
288708,3962828
9256,0339230
437068,
296178,2463154
358895,4630444
17962,0165078
24239,0219408
67932,0214638
83072,0470079
24206,0117653
68750,0426138
28509,0455583
90122,1483756
71186,0200267
13439,0212132
494,0070679
174378,2343158
271984,3198756
9940,0328945
11662,0405821
55460,0410557
49363,0064353
188089,1629766
266102,2403393
47984,1638275
448831,5797798
309739,4230876
195276,2969522
22777,0066728
40180,0073535
52090,
90804,1728245
31585,0930864
54156,0086136
178603,1753693
51215,0265104
14460,0080421
43051,0052543
306260,0067616
377475,4440488
64998,0060163
221737,3188560
46147,1664892
33908,0420251
48150,0105682
266036,3510452
51028,0389088
335753,4086116
36791,0310154
450642,6574700
270920,3446852
110391,1850419
348150,5145828
19953,0058230
70640,0078210
10917,0100797
18930,0051959
218640,3239582
395452,4643432
21795,1213856
20678,0109288
392655,4206228
42845,0112800
125336,2044056
392982,5301662
28925,1191971
80195,1811371
216675,0463029
35402,1261862
44751,1286784
433621,4045894
367855,4246212
174366,2357788
431073,
27222,0402595
347548,3561236
60797,0093111
28227,1503769
30471,0350146
43275,0111021
18846,0063230
15603,0340110
58096,0787485
297298,3655374
15365,1001562
317182,4050552
74016,1303902
45799,0100681
240614,2369154
21442,0416080
31952,0066518
63786,1390424
47144,0169145
155282,0338780
27561,1337032
48249,0084776
41059,0029192
407775,3204254
343934,3137764
360125,3904952
286728,0092973
48741,1714841
345897,0097431
30472,0259297
53229,0056406
80839,0252281
42401,0037280
29197,0259617
85782,2142711
14651,0269499
67346,0098150
298075,4582284
11653,0365847
16005,0981072
29778,0062909
91884,0071885
25970,0034881
64266,0266437
36089,0050432
406000,5061162
17566,0778631
426580,3349578
30996,0125510
397914,4230706
9544,0295254
15935,0312409
32041,0056062
21661,0140796
44015,0223954
327313,4267602
82474,0018379
60119,0244196
401981,2873282
10120,0893509
394314,4834622
50332,0425468
312796,3248600
20806,0049019
326431,4328146
376050,4558362
270014,3675236
250374,3460152
49806,0116041
13958,0923752
18278,1230211
25377,1205071
25564,0043292
58889,1401663
202960,0485061
14929,0081186
187541,2536846
196446,2719868
11303,0236638
422553,4514646
49901,1583356
172792,2298224
330697,3544218
84172,2048877
19116,0804443
59918,0795370
84598,1346302
60207,1808262
5469,0805566
163407,1320336
282040,0092527
15942,1179855
50761,0060148
61650,0040367
400777,1495847
207233,2493256
140491,2324928
77471,1570387
257892,0332718
408292,5936692
9547,0057380
21344,0099951
79989,0078904
33365,0772187
41383,0072991
18050,0036983
61418,0105789
26811,0059125
168608,2278398
37288,0296658
41663,0080719
45390,0425087
68368,0385668
11255,0362524
410366,0443533
75311,1325014
383524,3671086
25927,0976246
13103,0172467
223698,1209317
424775,5617712
41342,1390397
12112,0291579
79583,0456004
134653,1866197
49007,0338139
56959,1813327
50865,0021738
362583,3625516
25101,0196512
24774,0043614
403580,5684550
243238,3138282
91694,1891974
16377,0829440
223407,
357940,4701702
65190,
78045,1981142
223946,2792346
1920,0050271
91,0023037
326923,4234734
36618,1592292
90376,0107451
28614,0080738
120478,2396701
10445,0108101
33476,0047794
10293,0086087
20361,0063740
76349,1772230
369237,5226436
300589,0096639
9990,0804551
22288,0080888
28577,0051758
55797,1857702
5051,0106335
74592,1376710
124461,2044729
86240,0055738
36007,0902265
58631,0283090
62694,0040806
380568,4916534
67263,0093235
343766,1433297
384127,5700648
354760,4968022
9717,0096098
47199,0117582
413762,5158522
119053,0341855
88112,0173801
333357,3829378
141820,0080892
438817,6131386
287950,2389162
60792,0056671
10615,0258038
9644,0107659
16285,0815890
39768,0060161
40071,0088050
43535,0111194
134048,0118897
400385,4310356
451182,6755474
352273,1945223
35640,1467391
377703,5477002
352504,4882548
244271,
197182,
26245,0240793
17628,0428649
17474,0102388
384521,2548396
228177,3148528
29998,0040829
78473,0344859
22938,0003934
61400,1720254
206,0287624
19827,0079336
272691,3303728
30783,0111402
41544,1312156
8890,0177636
397517,5512872
9295,0324015
78984,5544668
264038,3973410
91930,1650058
40064,0075334
41759,0107504
14425,0110759
68569,0245171
338485,4662412
400106,5519340
85431,1261954
41764,0104350
35215,0192618
86645,0068522
6658,0071171
324277,2385115
17792,0102585
36271,0116770
24676,0800026
11098,0816544
26592,0039666
246355,0495241
56836,0307681
72358,0763831
54462,0882797
42702,0062301
57011,1592503
446679,0172195
410118,4915318
207909,1808518
347763,4078160
49320,0162625
35626,0382943
29135,0248190
433760,6129760
13570,0080040
14317,0282120
94412,0391919
218381,2823574
316784,1877707
31767,0066993
41841,0111359
80631,0067769
261143,1522225
289933,3620298
153013,1334573
139997,1972819
31261,1480660
48870,0424365
119423,
63251,1504504
24566,1279083
317960,4155144
40015,0387126
25778,0460793
208835,0057060
32051,0073600
176297,1285482
21785,1160315
26712,0043503
47721,0045848
38721,0028505
18722,0104926
339148,3700804
29173,0086135
92983,0056982
234657,3123380
31560,0045566
41461,0070212
434700,5495122
42131,0084423
216494,2365724
339406,4586626
58995,0082810
321974,3707114
199578,2147459
29343,0080904
13611,0903849
46435,0151568
24734,0102178
434119,5606538
358599,
27973,0028773
253896,3134066
217919,3112900
137366,2414166
24868,1262413
38909,0096030
140241,1023144
341689,3859310
15595,0834900
23098,0035034
97687,2101388
117212,0279901
254012,3923116
25993,0068230
304024,3158306
235170,3028198
139383,0085234
74296,
40244,0060307
31078,0381842
46789,1322385
24921,1275786
335490,3170900
306806,4631992
137563,2064713
16687,0790786
215814,2186783
195498,0140034
15993,0119185
382814,4030560
272251,2380560
20133,1135937
259,0078771
30026,1278102
365491,2555652
46564,1447479
329063,3965660
35556,0392908
53301,0428059
16604,1368151
49392,1659196
219250,3163844
49126,0075704
88863,0119988
422615,5461956
117120,1650044
273756,3453772
158743,2007360
33644,0120703
153021,2371315
223150,0067725
52134,0885495
321191,3797004
28153,0071675
52009,1528769
375742,5278832
19425,0089789
21887,0079239
10081,0093780
410617,6385806
335640,4432058
206867,0299060
56647,1592521
59864,0098185
18466,1003027
308420,3243630
8896,0910860
36291,0112469
83930,1734582
239076,
416211,6073176
29094,0037024
260243,1356825
20049,1355546
404791,4940370
287175,
1829,0073114
226895,2833494
345512,0290000
25646,1144797
28201,0443518
182981,2352044
353570,3853830
62276,0381936
32089,0046442
15936,0790723
2761,0028231
34623,0043153
288154,2713642
395181,4960242
379040,5281414
1676,0063811
51360,0012224
416153,4426464
129685,0085620
451787,6158630
246967,0105442
38171,0048947
30713,0896927
25361,0063694
287601,2513864
28916,0037449
47302,0192949
39001,0112444
63197,1087461
57993,0049523
30876,0078437
356183,4695442
39417,0205843
41686,0123153
58888,1401664
114814,0892432
37335,0083260
41128,0108169
286371,3138024
21776,0347330
101724,2122424
44708,0333764
104100,0048942
27860,0452668
212162,2457282
152409,0090991
13199,0103671
24977,0245280
36536,0089994
47818,0095736
43448,0040720
79319,0084133
33486,0033781
282694,1552714
50032,0853153
80542,0158242
31624,0069920
14398,0118900
43239,0050972
26555,0090856
26560,0082200
260522,3621288
251981,3108158
66261,0155812
40719,0036038
31916,0054805
27047,0760167
64521,0042287
50952,0135270
158379,
14675,0028597
11504,0103003
66682,1838625
47477,0115109
14928,0782867
321249,3124060
437848,5193790
244339,2957680
449124,6536772
14822,0078158
15940,0221889
24678,0372866
30827,0069957
42009,0093709
15720,0265307
416550,6078052
185759,0248271
106135,1954352
100416,1221207
11541,0086617
5602,0071449
14899,0391493
78486,1666800
50401,0038008
358725,4589186
18517,0416051
176570,1764647
250574,2428170
14134,0347473
244237,1188982
233423,2296935
218993,2231630
35866,0091019
217995,
451791,6101458
413770,1725969
31903,0029002
32293,0338852
81670,1822239
256969,1965162
20781,1269734
448144,0828054
410867,0949751
331131,0253875
83723,0072852
50063,0276016
52036,0335013
19058,0247303
11955,0095382
50025,1523486
61651,0092559
310578,1737796
30296,0089538
28421,0032635
8785,0059643
59797,0094701
36878,0054377
80091,0259097
409520,5075584
18612,0047985
375846,5304688
70844,0387616
56118,0100047
43545,0366726
28857,0062853
306482,3155242
111885,0320643
61613,1342115
17243,1388779
15898,1086797
254144,4149592
226572,0330016
37088,0364930
51145,0156096
42272,1166118
39695,0048538
66013,0076660
14376,0401559
28686,1278153
50990,1380174
352223,1908514
369031,1579951
75130,0066900
362886,5056034
68146,0069956
38788,0041246
366929,4781700
35668,0062360
31179,0080024
197393,2973408
234815,0075089
36278,0114697
205715,0111440
367326,5184298
37206,1014774
1843,0388888
37291,0103130
52183,1537772
65096,0398037
51488,1286146
77558,0146082
265297,3674140
222661,0756217
24562,1224519
20064,0119547
396920,4641248
32831,0062767
112876,2196091
47892,0086374
31353,0118834
80849,0099673
13128,1067086
94470,0098488
266568,2129885
55060,0269058
57575,0047162
79194,0074575
194101,2304426
51869,0275639
253747,1698482
11516,0301727
59226,0067124
256106,3469964
110936,1264889
54951,0418835
40713,1194664
27791,0124102
2036,0078812
28173,0096310
9878,0074236
226272,0947021
36676,0762111
2349,0366416
73208,0062207
426558,5156746
16084,0076054
224569,0138862
101998,1772270
399894,3007132
50727,1905059
42491,0069436
188295,0776789
185652,0285503
342270,4718440
26959,0132451
26830,0113194
125717,0268696
32071,0056675
183431,
42437,1285311
28059,0120238
84226,1756799
62436,0448707
38091,0209174
14286,0436971
20016,0892109
375963,4061908
346494,4246854
72098,1981057
36335,0039306
9523,0259393
41853,0377633
363486,5014528
58902,0053126
31930,0021165
26360,0094590
20015,0460485
403664,0211651
70634,0075172
18660,0072653
14983,1001333
541,0048347
32061,0068491
23532,1038971
255837,0081246
337407,2210451
249053,3073378
16878,1187046
60545,0040965
39845,1125929
101832,0358613
232175,1657510
50033,0057473
322147,4250960
31218,1313113
449504,6697612
70642,0081461
48915,0913394
26386,0095107
449850,
450580,
137376,1937222
37502,0470711
41422,0318181
23704,0337708
31787,0069311
51917,1075114
32058,0093477
417028,5653444
435921,6137734
31462,0089629
197158,0261189
68865,0070140
339065,3162938
28625,0297102
65958,0105448
309298,3534282
98981,0157872
36321,0077944
24041,0423372
6416,0954933
50066,0037096
20188,0083699
32092,1094275
89057,0352696
147473,2113149
16929,1156454
46830,0089820
15788,0053644
35595,0876707
43378,0043781
40052,1073624
47251,0069120
36351,0102307
55470,0978797
15804,0101985
9041,0086655
5245,0240500
35405,0072107
5625,0064618
49772,0198779
214377,0068759
11573,0063135
76815,1912996
43458,0040976
354659,4460786
290865,3402110
75634,0480002
11807,1093370
222953,0065918
31804,0056417
3426,0068441
14594,0037365
68684,1701990
308610,
333915,2166117
236827,2705326
16250,0345591
79040,1911607
262840,2781516
14688,1193088
31152,0043879
35689,1281374
76263,1683981
63304,0056045
447140,3349550
43889,0026126
81450,1684907
187533,0049547
271724,2891070
385962,5597408
23416,0116265
117483,0079696
77946,0175159
2282,0086650
9059,0114608
35610,0107819
64935,0288276
217341,2193185
14114,0365957
309875,3727662
151026,0077852
302627,3645154
29293,0435665
189755,2070852
38846,1263778
70480,0063024
79878,0054394
320436,3509878
191714,2350496
71172,1636780
408422,5048406
179858,0047568
34204,0816520
56529,1472195
878,0036818
55316,0062092
28374,1330618
40810,0073756
445479,4732072
250745,2171902
257315,0114366
166452,1899285
53198,0173772
49164,0056352
35632,0099978
85365,0069013
18215,0106471
53894,0363140
13194,0465657
26765,0949815
243856,0115701
63258,0049397
326035,3449200
139862,2157346
74586,1754000
238802,0856791
445786,5155486
331125,0366842
101310,0107093
32665,0085755
46113,0478976
29486,0056943
32574,0033891
40650,0039822
41131,0040765
37696,0289944
44895,0204350
253295,1778931
451228,
296025,2190467
120605,2280378
24231,0109959
5734,0086967
259606,1992209
150010,0048639
47519,1642252
37961,1309449
54279,0063834
1557,0126765
15876,0050356
18927,0326208
37873,0066372
403431,5805752
356626,4008758
38890,0033676
70793,2008562
22515,1261046
14348,0346952
34233,0040076
357681,4973112
345933,
280163,5340516
64714,0063845
335777,3486626
279973,3034594
21467,1181927
435050,5790492
15855,0036261
11401,0387412
192349,0312999
1840,0039217
20993,0238883
2594,0291400
18590,0466665
13276,0914364
45904,0430377
40728,0807703
83728,1756791
35165,0100456
56801,0006886
98025,0073290
21749,0120245
84575,1935929
451781,5362796
86461,0089251
298032,3058674
358913,3757218
272875,3896016
56020,0169164
193705,
167683,2217458
408358,
367066,3721256
299537,4154664
336850,3746700
12161,1224153
323428,4054502
140441,1844025
40820,0095927
199933,2800038
27318,0116671
260413,0388821
80286,0079320
24392,1391579
340670,0228361
32458,0116344
45595,1366409
35379,0922522
25001,0084049
24960,0368576
42419,1261045
30014,0042579
56743,1575539
261776,3607322
29128,0073324
25405,1019454
450262,
440020,4031126
17007,0272018
23050,0079858
61041,0062502
18866,0361805
75147,0120111
449941,5901564
35463,0093011
20648,0265010
28706,0098383
244478,1912350
404713,3684500
37141,0112438
120854,1582213
22477,0093940
17892,1189004
171179,2645104
15765,0108551
33729,0056940
10548,0118147
83223,0086176
33738,0041944
36796,0106258
13824,0167427
308831,3894340
406125,5827496
229304,3265462
61416,0159272
387889,5243424
16133,0430651
30726,0102122
57004,
360321,4820296
435268,6211502
310491,3407428
4519,0825244
154207,1047474
447886,
63350,1727261
15831,0494216
314242,4325142
32233,0374184
412190,6091936
43685,0055844
27085,0073260
28735,0077414
412194,5955112
16193,1151831
14144,0462244
95152,0095496
30059,0073640
448089,6632338
277388,0113196
272160,2166934
27648,0096889
44875,0034303
38966,0095730
131109,1556708
20153,0043131
169853,2420006
211928,0167346
192040,0795176
28285,0051077
10355,0192657
412518,4286666
29140,0086543
381767,5013688
365717,4016250
39890,0053719
57251,0418239
224290,2960470
86230,0192993
1550,0311648
47501,0127288
390512,3885524
45035,0492835
10969,0102227
16182,0098672
127370,1047011
28121,0117891
105059,0061893
132961,0094826
355234,4223366
338789,3339376
409307,4768656
53219,0030448
27245,0276935
245842,2328678
11905,0087075
45048,0079144
61049,0045518
38156,1225302
10260,0088002
287628,3170902
451786,3483780
48943,0163511
371492,4449576
68761,0118782
376044,3651612
52158,0929273
419037,6141048
5259,1032856
15389,0100142
20314,0857277
64806,0896040
323967,2016335
58129,0012364
16435,0243575
88103,0173796
339342,2948712
18493,0088919
300914,
23568,1318044
4658,0488508
29492,0091836
27985,0113028
56161,1529316
30237,0119079
15125,0487928
417056,3827684
70808,1885281
78277,0221186
451780,2308643
18256,0112643
19140,0035211
10817,0484039
28772,0430772
301228,1957938
28433,0042792
73672,0064000
42903,0468988
81481,2070649
210228,1734429
52244,0393421
43880,0028207
25771,0069090
103578,0086872
244027,3169000
7509,0240200
341287,1553659
2007,0104756
16875,0250292
14589,0031047
86000,2082180
350499,4503906
37100,0106417
62077,1259570
55241,1589487
39158,0491005
9648,0268437
85207,1827354
117258,0074815
228987,0238251
61242,1624391
88517,0211413
284348,0223854
44950,1617620
38264,1602500
56821,0087589
39858,0224102
23997,0977648
35888,0097028
449880,
420322,5630122
23439,0053925
66129,1793931
143440,0218984
150055,2339060
172857,
212048,0230177
76885,
308105,1354027
212048,0230177
150055,2339060
389657,0105163
395960,0251899
389043,0288241
360816,0105890
366236,0375032
405859,5471570
451783,1617244
451788,2157071
172857,
163686,0065847
332093,0103610
320896,0232017
301055,0310102
307804,1364295
308105,1354027
295305,
349574,
304497,0369204
389043,0288241
451783,1617244
451788,2157071
126400,
47486,0061069
277688,3279176
330548,0333100
25633,0052050
8128,0075811
16045,1105743
31225,0100332
334557,4417522
371718,4767274
44245,1535495
5319,0150992
115874,1382727
8928,1068652
28007,0041786
19324,0092690
30771,0925306
41158,0168043
381615,5439464
85878,2084098
330983,0279898
288818,3036676
268413,3345952
79893,1951090
15900,0085518
432639,5584006
25041,1160313
46847,0834170
13980,1121794
161737,2278400
76635,1887676
11376,0283027
43960,0492878
2117,0426578
18979,0071276
184155,2182001
62847,0076161
13280,0772178
8060,0804505
362154,4819560
57892,0270053
46920,1509636
269747,2626964
17126,0096037
13634,0023305
21240,0053699
363111,4670016
352094,4296800
124025,0211559
29886,0033432
28499,0870937
376549,4881302
43939,1356864
40787,0298351
110395,0104298
362373,2109127
421297,5817526
9847,0760187
48314,0341564
43279,0083591
13652,1002966
82756,1706680
9568,0116075
31058,0040737
29032,0058561
216769,2545440
211992,0061980
80518,1776196
32088,0087629
273467,2787824
31948,0077629
65374,0130236
70712,1684928
217952,1706515
3105,0070074
214553,3203996
113655,0991174
185666,0286023
19688,1032817
450608,5654600
30892,0069198
44160,1571724
38726,0036384
62441,1777034
264529,2360310
419522,6197094
27595,1276110
24821,1347007
28261,0026663
20478,0790721
410223,5293604
361571,4247492
6473,0457090
32924,0096875
148175,0092269
297721,3698118
43550,1050002
345735,4840096
345950,4767884
133980,0074201
54655,0104550
429235,
410592,6594820
76820,0460778
23817,0460721
281426,
25166,0186045
345161,4190550
26569,0182666
311181,3783746
81460,2015315
12109,0388139
55888,0230169
400276,5680744
437291,5851014
451301,
71626,1400515
227650,1344313
296206,0474603
26546,1174735
172577,1366321
5048,0102722
433810,6306178
11710,0071691
3115,0060464
352162,4721400
38163,0470732
25869,0485272
47992,1611944
36679,0101962
67365,0117577
1831,0156841
11295,0047572
401132,5720450
3216,0064687
69482,0080897
24711,0109034
84520,1522846
286465,1701105
28479,1156519
296865,4569240
12586,0482463
388131,4460878
50129,1422184
333360,3790720
31461,1084697
92469,0090200
280587,2794660
31216,0830570
222233,0084250
19552,0107617
425371,2556676
15024,0244353
32802,0366860
317114,4368496
89636,4008518
140811,0187330
433278,6274158
6936,0953318
14677,0052993
1697,0780180
932,0038769
159211,2378191
73984,0069833
257117,2825230
391779,4559046
82074,0082742
43516,0036377
99119,1854568
39278,0896815
890,0114354
25866,0057967
34530,0055233
33660,0120118
213807,0179846
48587,0892074
331116,3400630
406115,2935390
13926,0093832
89623,1971466
342917,4729754
331393,3172126
25674,0102913
16392,0780595
214100,2481198
44899,0365043
15466,0101376
27144,0031208
69784,0043288
47737,0071566
11163,0064940
269492,2726196
44388,0139388
23567,0041498
26598,0173714
34788,1347442
1994,0023238
157703,0317210
284760,0092180
31227,0445161
110808,0110643
46732,0113211
17935,1242457
447236,4964310
14132,0087660
285025,3273636
17043,0305396
352173,4430212
42782,0057952
265447,1164983
302150,2674358
18394,0191996
3059,0006864
64559,0120018
21175,0323013
320028,3705388
333665,3760966
413547,5477608
143193,1865484
29776,1558576
2358,0338300
308403,4210992
73252,1130987
37144,0114736
75892,0098251
19613,1880412
157663,2306236
70494,0433453
128311,1934458
2700,0183055
364615,4213806
282983,3089326
30942,0813549
67166,0114308
33319,0049012
41902,0211934
25103,0050766
66794,1697878
26450,0266850
425135,
60400,0032264
11767,0080485
51017,1787759
196324,1327798
197467,0078937
24025,1493813
54794,0295303
42855,0156588
14911,0094712
10235,0029850
348631,4041382
30959,0058279
31408,0252490
250669,
436146,2199587
20935,0054065
220882,1273221
32648,0118949
114961,1587411
58878,0058652
58402,0069818
22939,0460946
44522,0056014
374111,4253360
36588,1129410
28320,0387037
16902,0031826
40026,0087796
263522,
16110,0205461
12629,0104743
377690,4677578
31937,0063636
267863,2107861
317,0464029
22213,0106455
32446,0091725
345235,3594826
27480,1235142
13507,0825248
38848,0446442
99099,0059816
332179,3542188
10482,0202381
27678,0106356
185133,0142916
417544,5067984
336744,4647788
422218,5078202
15145,0123815
134733,0063332
101915,1186342
128015,1834824
13503,0193560
27709,0059678
80379,2112999
2076,0190938
9677,0289477
5168,0318202
256453,
21137,0082252
2021,0113448
366502,3468352
389425,4060866
157447,2216088
303639,1451618
39230,0159511
32853,0102436
178751,2603308
343097,4566574
67083,0321353
44399,0033405
33475,0043255
24330,1052040
434685,4138020
74585,0046366
45233,0085250
2891,0099040
12791,0494224
40171,1274293
22451,0343449
37244,0119509
251387,3323638
51090,1594503
190965,2140656
61752,0116414
65828,1754565
34130,0077621
2701,0109036
38493,0079138
25682,0096804
203596,
42168,0078952
85351,1220708
53217,0051189
32213,0433328
76206,0097406
40221,0101502
417368,6093428
387592,4701724
158618,0077494
450118,6163406
20341,0855011
43367,0044419
388764,5243900
225747,2572632
361841,4153324
17278,0061931
48584,0075251
71193,0494823
104364,0074964
39681,0445054
42792,0057917
50186,0073781
102222,1937506
228245,2073121
14588,0027260
14664,0083064
90617,0069452
18142,0079794
176707,0450836
28436,0036733
55461,0034670
345923,4486986
127913,1764275
213105,
2025,0095943
287775,0064748
161056,2378177
30584,0084750
104452,0128364
138977,1876330
62777,
52643,1468727
19675,0496373
371095,0110578
44223,1324053
32279,0263065
30331,0203975
46270,0103848
281298,3419894
428849,5845712
349048,4537412
24032,0076489
50236,0071840
10089,0829424
271958,2833386
96821,2177511
255718,3504064
340027,3704700
26451,0065889
42006,0093206
10643,0188640
261439,0058176
70005,1436572
141980,2316561
340255,3564794
430035,3109830
371446,3517044
56386,0074768
36609,0118261
19064,0089730
43071,0259134
12592,0078026
40217,0322008
5121,0072226
1731,1012729
26179,0081269
21878,1111918
56705,0090881
10450,0111190
60800,0179955
451259,4841808
28134,0120823
52830,1558856
203766,0403778
153709,2053413
127884,2341664
51800,1206541
135368,2050633
9050,0100625
199702,2922112
106913,0392818
25278,1037116
396616,4353996
31096,0374526
34152,0109504
336664,3784222
10378,1254207
71917,0815490
315043,3358328
40423,0053146
137607,0071294
31656,0072274
389044,4161564
49511,0118852
22387,0035238
35188,0058018
21597,0265171
286599,2614400
17046,0382301
328252,3477752
290789,2345721
103952,0038866
65997,1500906
92802,0088781
20949,0071957
104973,0078936
11297,0354668
20886,0058022
35232,2060489
108672,0317009
21371,1095442
4255,0065904
409159,6642814
11709,0094828
188761,1847746
432517,3845892
421365,5221894
50583,1743711
65881,1832438
24266,0084296
355193,4610748
63736,1792794
17439,0469897
77469,0119517
26675,0091707
47386,1398428
11192,0083949
26011,0093146
438347,6009140
424995,4690878
198380,0128350
254772,2258285
48709,0117073
44006,0059555
154030,2554270
16075,0167187
32390,0424338
181924,0070402
447429,5198868
186919,2807626
59147,0112674
377060,5277952
47697,0045251
313462,4152148
191073,0253420
64131,0091497
50469,0370534
87035,1980219
18754,1980198
37215,0025037
26444,0082247
8933,0962774
219248,0163318
111160,0388462
24062,0058456
254258,3402880
130972,
419680,5657846
73532,1508675
48579,0075101
46217,1236471
291642,0199888
208621,3054776
390880,5311004
17909,0076276
433786,4196550
3865,0452971
121046,1740482
408299,5766118
35963,1538819
395902,0252485
451677,
451685,2605312
27181,0239381
18759,1185837
96654,0265997
28210,1054631
45452,0113356
305312,4255554
261101,3005242
65590,0051398
380623,4795546
36571,0089026
50804,0181365
53818,0093181
64530,0352014
55921,0196223
28051,0065553
30533,0169528
350052,2257216
7992,0807054
84261,0061220
270221,3301196
379149,1615160
329160,3255826
43829,0031507
37431,0117193
37451,0051776
15278,0106500
18712,0041841
42135,0084565
42695,0061834
22592,0013201
64629,1595858
360203,3593046
366981,4498604
62040,0126253
373451,5275844
422297,0074399
38362,0076101
183836,2354181
45712,0120683
222480,3100322
297621,1995477
22244,0098354
12709,0117477
52979,0071696
52799,1368491
44773,1636629
29182,0914837
375183,1718924
43035,0053902
396390,5672502
20583,0785025
399268,5563932
137566,1109574
324803,4441422
277770,0280948
19398,0393775
4999,0058754
445632,
130095,0147802
295799,4157220
39982,0082592
14544,0403455
333555,3430416
294992,3950078
127872,1977739
436994,
254196,2659512
108134,0105420
277829,2948358
352733,4184252
374427,0063095
45342,0092497
32874,0209297
44745,1568323
121676,1844203
133786,2509922
212697,2782722
31459,0311110
105485,1887814
27799,0407851
140549,0117190
208873,0076873
276678,3897080
451122,6135054
313452,4242844
340819,4946602
133701,2285752
66775,0069528
26899,0339419
264572,3295046
197047,2776150
63187,0069156
12723,0119381
291726,0235015
290950,0270386
19676,0439008
323966,3120960
347848,4520340
12591,0393685
260394,0079291
79345,2065015
61675,0119565
21566,0117437
28834,0085582
5001,0247196
18182,1340418
42707,1504319
43376,0042619
449365,6603860
46029,0118001
13444,0331068
59006,1682246
73294,1279976
8986,0110516
36598,1517493
198677,2250234
190829,2006801
259300,3008816
447954,
13911,0022158
260015,2047769
417263,5997492
268171,2113659
48561,0084821
24499,0847520
50247,0043313
25147,0116722
68044,0180037
45007,0067224
441601,5812510
118051,2168910
435863,6152908
16297,0111732
3022,0033553
344854,4167720
4499,0081323
49314,0095050
287951,3573362
64363,0069881
337755,
57186,1129437
393613,4626970
24188,0056512
119855,0475730
291860,2071494
14235,1087842
451892,6257640
236317,3159564
13732,0880440
433892,5514632
12504,0085900
381069,5434870
74040,0086390
25319,0058333
46629,0200654
355020,4908644
62255,1414378
76550,0285566
71550,0262001
118732,0082935
13848,0758786
63260,0060903
75142,0117622
52452,0426501
97795,1757742
55685,0077191
63945,0118742
337260,3545504
203726,2979572
32338,1094668
365620,3758542
399170,5439796
30074,0357139
79778,1783392
417198,6024606
20934,0191625
368787,5074618
42713,0062425
233548,0118443
442648,5513718
14111,0870211
296775,3591560
33430,0162830
249170,3090252
19961,0498465
70248,0058161
207021,2205904
324326,4227204
32196,0032376
20546,0175680
20220,0098961
129405,0108956
70259,0073008
7342,0319970
12271,0432402
316053,4117094
20496,0346457
29627,0089009
27846,0414869
42889,1695994
24693,0132381
83578,0050190
204666,0105085
45802,0027336
39922,0070696
44592,0043757
133879,2239100
46364,0084090
11209,0053580
18051,0318763
381873,5923132
22161,0399497
441669,5918632
13517,0396042
180659,0386757
449923,
325071,4460190
30022,0037859
405360,5470724
18727,0035979
11927,1054115
37865,0099188
26665,0168446
54293,1781069
333367,4106306
14782,0258967
68414,0349358
333622,4539114
10913,0342272
93458,1371126
35648,0102812
35543,0037749
169247,0093765
27215,1085496
23508,0923683
30775,1153112
353575,4778988
18942,0365559
21622,0036723
27327,0071994
42692,0061620
424009,
203252,0314062
58925,0074916
13355,0867418
48008,1303829
36888,0066341
61269,1477859
59199,0262911
111803,0293271
256277,3338436
127548,2240312
65158,0111271
25501,0098994
247218,3296204
345874,3353060
19568,0171049
428605,6381764
13408,0290332
47574,0259442
138878,0099502
86256,0274932
448256,4941354
36848,0041259
2778,0109447
77261,1877740
71171,0048919
94405,0048056
38268,0076902
20110,0493393
33601,0944958
18908,0167137
34995,0340919
442014,5628332
382503,4741708
30348,0037820
440695,
111995,0400535
37731,0113510
31068,0339489
8745,0057191
399055,5580390
48761,0296712
31359,0214289
32585,1190910
149465,0061162
45694,0060574
51763,0100046
227325,2854894
228805,3303446
20155,0075696
129210,0059196
10938,0115640
98368,2182019
177234,0048653
90953,1764198
34941,0119502
45878,0093854
39373,1412094
403582,5240372
432664,6116182
15576,1188983
448988,4422164
390043,1959563
9252,0095799
114371,0456981
390358,4637598
60095,0066871
11942,0071249
116463,2151543
142329,0075322
329819,3791302
53861,1465478
392553,3810760
72962,1552624
7913,0405508
62326,0338806
382220,5735464
219624,2089716
15803,0226168
2995,0059433
48297,0077973
27696,0765481
11680,0078813
73144,2034756
4560,0091398
14605,0032520
85444,1407052
29078,0354595
54892,1744641
450114,6088514
369749,5093098
5062,0082436
384726,4741376
15363,0437777
18654,0460732
345674,3824950
5894,0112541
15539,0082843
383585,3739110
2648,0098681
17965,0066740
300199,0309765
415813,5999382
42284,0417907
132548,1323535
202140,0114461
44980,0167508
25154,0913413
28844,0075766
290451,0465183
21666,0080157
103717,1690389
8943,1232825
85836,1728196
34052,0074705
222887,2179239
79577,2011257
33537,0172711
434106,5945622
197624,2756412
49283,0923714
320146,3277624
323673,4380580
32185,0291424
380874,5350358
434168,6068412
48213,0118043
241566,2112194
45776,0766213
371363,5457722
58933,0340529
24004,0045317
335095,2948606
34311,0096118
135531,2085795
344170,3587396
26642,0118930
105627,0065241
416398,4467176
434753,4318548
399057,5715874
62644,
390329,4874298
42033,0087130
14662,0120831
6116,0120185
2241,0177242
8008,0383518
5680,0095088
72153,0069464
868,0468565
15476,0462160
449224,5861136
12921,0086373
375533,5224834
50294,1630603
259943,3125472
71666,1020991
417413,5894814
56563,1833127
33045,0119860
425860,6259890
335353,0125815
186971,2054790
52092,1570538
420597,6536312
49106,0068161
14794,0063850
27917,0042851
31658,0061787
260363,0338847
36044,0285893
12561,0113187
270064,2070604
2169,0102396
398438,4364882
258985,0263853
76825,0093791
46314,0116728
399615,5767182
323912,0082345
260535,2490004
4024,0054632
60145,0104553
340616,4216890
61717,0790781
128185,1784600
1917,0326036
12703,0330099
26531,0031580
451657,6002232
363313,5698088
4271,0096386
61826,1183307
75209,0414762
363844,4859032
61387,0429489
106143,0110097
40111,0190479
197836,0075738
42576,0054851
363847,0335453
21413,0357470
20883,0266821
129357,1919207
147404,0059291
27053,0031514
18252,0089652
9337,0258827
408537,4562518
57163,1588898
399624,5108476
451177,3731964
59505,1418760
27460,0119781
152756,1262990
382542,2351392
60263,
250786,
31968,1509275
43788,0034027
77616,1386963
61014,1698639
63849,1630027
3168,0389778
343922,0083539
49516,0264429
14940,1176251
253687,2536428
298504,3445438
6077,0475169
283536,2925768
1987,0103793
59148,0150239
254559,2391073
44768,0289054
52906,0058154
29097,0108173
42262,0073620
69472,0058019
394143,4466384
227933,3527550
410198,5928396
37832,1473074
17214,0477311
417199,6292996
38594,1317478
10255,0434762
77756,0076944
450602,1737110
16175,0350811
347866,3416536
300626,2470922
430263,5161058
13489,1031254
253020,1841490
15843,0838224
162072,1147514
22411,1133594
260448,0108636
34421,0102655
99177,
342030,3519192
128894,
41186,1159223
98631,1900893
29751,1265589
449514,
67152,0026816
144473,2253038
15403,1146431
201277,2400002
106758,0166985
26946,0050147
58704,0064714
28223,0092795
270922,2792728
8291,0107840
81416,1910501
18627,0061856
165701,0196526
4826,0366900
290714,3074578
17895,0085991
366672,4428398
106337,1793223
252731,1554918
77235,1464606
15824,0328844
62752,0075849
197013,0114397
387426,3967856
44098,0039066
24254,0098230
437508,6358260
307931,2415458
283698,3344922
380762,4379800
61374,1318061
264568,0420171
33667,0039416
169173,0433378
323656,3291148
427433,6157600
269714,3136752
431244,3809276
118510,2188010
30410,0365861
46578,0078960
288710,3456206
15048,0758732
42134,0084354
225145,2451110
80959,0246870
35221,1381505
36415,1242881
16685,1181936
30628,0208298
289198,3379456
3475,0070826
14963,0455958
262248,0055252
32352,0063751
22116,0928413
11107,0116168
27642,0060877
80292,0085182
50053,1694508
376884,5290620
8901,1182257
1720,0351461
238301,2164468
295887,3124476
28699,0055571
19610,0075265
222055,0250196
51452,0432232
28912,0059914
430007,5508576
430306,4960764
82061,0404680
56115,0103812
16727,0433416
434236,
36261,0070684
445606,5897738
361069,5022872
287689,3895884
364540,3955894
382589,5351818
24595,1223922
45608,0054483
2989,0083001
383703,6567396
121840,0102205
294022,0070118
238475,2499414
26121,0064691
280168,4415326
45438,0233600
372343,1758810
448514,6064378
14427,0261992
359644,
17464,0086999
196359,1439558
10621,0178721
255505,0285710
345914,4481514
17990,0102103
86382,0073488
44898,1037163
42905,0486099
9581,0286635
403572,
294690,1270114
394918,5128790
39814,1297298
28064,0063370
14495,0038666
51473,1688070
70076,1535565
63362,1825746
27641,0100816
5060,0060214
65891,0065669
35010,1119199
38410,1010271
121992,0032788
10247,0760311
347761,3833474
85483,0069298
324221,4515452
359364,3327994
288287,
36446,0064122
342149,4161632
396083,5660320
2912,0064106
342185,4747354
1802,0112769
7861,0425326
36778,0096152
235348,0228340
444568,
171636,2249179
356841,3781616
431579,
8545,0147004
13433,0304229
87936,0047625
42950,1468387
298026,3081268
86377,1976558
367613,4480494
34751,1394329
148347,2261719
215310,0305220
73901,0164226
41292,0423176
370800,6495714
26837,0964179
348389,3567666
369545,3836530
451497,2076959
23620,0047443
67077,1727564
14154,0865957
55566,0053875
69310,1699513
5234,0105227
365358,5227020
86763,0099242
17885,0029864
16157,0095262
26367,1385912
38191,0117781
56172,0108277
27448,0039926
44533,0041767
359483,5013980
42211,0078343
51046,0301989
377380,5130918
26695,1418353
378423,3568804
20063,0872190
97589,1876454
43635,1538401
405050,3598108
12826,0079867
17218,0041859
203576,
191619,2325518
265281,0078982
307293,4254516
30998,0128137
53027,0102500
30117,0078474
335053,4412362
392207,4924942
49706,1407972
117341,0430328
15433,0096866
246087,2678948
442,0314524
57784,0498348
260713,0073286
82849,0122182
50183,0075404
82545,0103069
